東京,渋谷区,カラオケまねきねこ 渋谷本店,03-6452-5704,karaoke
東京,渋谷区,JOYSOUND渋谷南口駅前店,03-5428-6016,karaoke
東京,渋谷区,カラオケ ビッグエコー渋谷宮益坂口駅前店,03-6418-9641,karaoke
東京,渋谷区,カラオケパセラ渋谷店,0120-428-875,karaoke
東京,渋谷区,JOYSOUND渋谷道玄坂店,03-3464-1141,karaoke
東京,渋谷区,カラオケ館 渋谷東口店,03-5485-5757,karaoke
東京,渋谷区,カラオケまねきねこ 渋谷道玄坂店,03-6416-0525,karaoke
東京,渋谷区,カラオケ ビッグエコー渋谷センター街本店,03-5784-3581,karaoke
東京,渋谷区,カラオケ館 渋谷本店,03-5728-6430,karaoke
東京,渋谷区,カラオケまねきねこ 渋谷ちとせ会館店, 03-5428-4410,karaoke
東京,渋谷区,カラオケルーム歌広場 渋谷センター街本館,03-3770-7656,karaoke
東京,渋谷区,カラオケまねきねこ 渋谷センター街店,03-6452-5401,karaoke
東京,渋谷区,カラオケ ビッグエコー渋谷道玄坂店,03-5428-6700,karaoke
東京,渋谷区,カラオケ館 渋谷店,03-3462-0785,karaoke
東京,渋谷区,カラオケの鉄人 渋谷道玄坂店,03-6416-5681,karaoke
東京,渋谷区,カラオケルーム歌広場 渋谷道玄坂店,03-3780-9771,karaoke
東京,渋谷区,カラオケの鉄人 渋谷センター街店,03-5459-3401,karaoke
東京,渋谷区,カラオケルーム歌広場 渋谷センター街別館,03-3464-3521,karaoke
東京,渋谷区,カラオケ館 渋谷文化村通り店,03-5428-8700,karaoke
東京,渋谷区,カラオケまねきねこ渋谷センター街ANNEX店,03-6277-5262,karaoke
東京,渋谷区,カラオケ館 原宿店,03-5467-8226,karaoke,,,